id,Data Quality
0,Fair
1,Fair
2,Fair
3,Fair
4,Fair
5,Fair
6,Fair
7,Fair
8,Fair
9,Fair
10,Fair
11,Fair
12,Fair
13,Fair
14,Fair
15,Fair
16,Fair
17,Fair
18,Fair
19,Fair
20,Fair
21,Fair
22,Fair
23,Fair
24,Fair
25,Fair
26,Fair
27,Fair
28,Fair
29,Fair
30,Fair
31,Fair
32,Fair
33,Fair
34,Fair
35,Fair
36,Fair
37,Fair
38,Fair
39,Fair
40,Fair
41,Fair
42,Fair
43,Fair
44,Fair
45,Fair
46,Fair
47,Fair
48,Fair
49,Fair
50,Fair
51,Fair
52,Fair
53,Fair
54,Fair
55,Fair
56,Fair
57,Fair
58,Fair
59,Fair
60,Fair
61,Fair
62,Fair
63,Fair
64,Fair
65,Fair
66,Fair
67,Fair
68,Fair
69,Fair
70,Fair
71,Fair
72,Fair
73,Fair
74,Fair
75,Fair
76,Fair
77,Fair
78,Fair
79,Fair
80,Fair
81,Fair
82,Fair
83,Fair
84,Fair
85,Fair
86,Fair
87,Fair
88,Fair
89,Fair
90,Fair
91,Fair
92,Fair
93,Fair
94,Fair
95,Fair
96,Fair
97,Fair
98,Fair
99,Fair
100,Fair
101,Fair
102,Fair
103,Fair
104,Fair
105,Fair
106,Fair
107,Fair
108,Fair
109,Fair
110,Fair
111,Fair
112,Fair
113,Fair
114,Fair
115,Fair
116,Fair
117,Fair
118,Fair
119,Fair
120,Fair
121,Fair
122,Fair
123,Fair
124,Fair
125,Fair
126,Fair
127,Fair
128,Fair
129,Fair
130,Fair
131,Fair
132,Fair
133,Fair
134,Fair
135,Fair
136,Fair
137,Fair
138,Fair
139,Fair
140,Fair
141,Fair
142,Fair
143,Fair
144,Fair
145,Fair
146,Fair
147,Fair
148,Fair
149,Fair
150,Fair
151,Fair
152,Fair
153,Fair
154,Fair
155,Fair
156,Fair
157,Fair
158,Fair
159,Fair
160,Fair
161,Fair
162,Fair
163,Fair
164,Fair
165,Fair
166,Fair
167,Fair
168,Fair
169,Fair
170,Fair
171,Fair
172,Fair
173,Fair
174,Fair
175,Fair
176,Fair
177,Fair
178,Fair
179,Fair
180,Fair
181,Fair
182,Fair
183,Fair
184,Fair
185,Fair
186,Fair
187,Fair
188,Fair
189,Fair
190,Fair
191,Fair
192,Fair
193,Fair
194,Fair
195,Fair
196,Fair
197,Fair
198,Fair
199,Fair
200,Fair
201,Fair
202,Fair
203,Fair
204,Fair
205,Fair
206,Fair
207,Fair
208,Fair
209,Fair
210,Fair
211,Fair
212,Fair
213,Fair
214,Fair
215,Fair
216,Fair
217,Fair
218,Fair
219,Fair
220,Fair
221,Fair
222,Fair
223,Fair
224,Fair
225,Fair
226,Fair
227,Fair
228,Fair
229,Fair
230,Fair
231,Fair
232,Fair
233,Fair
234,Fair
235,Fair
236,Fair
237,Fair
238,Fair
239,Fair
240,Fair
241,Fair
242,Fair
243,Fair
244,Fair
245,Fair
246,Fair
247,Fair
248,Fair
249,Fair
250,Fair
251,Fair
252,Fair
253,Fair
254,Fair
255,Fair
256,Fair
257,Fair
258,Fair
259,Fair
260,Fair
261,Fair
262,Fair
263,Fair
264,Fair
265,Fair
266,Fair
267,Fair
268,Fair
269,Fair
270,Fair
271,Fair
272,Fair
273,Fair
274,Fair
275,Fair
276,Fair
277,Fair
278,Fair
279,Fair
280,Fair
281,Fair
282,Fair
283,Fair
284,Fair
285,Fair
286,Fair
287,Fair
288,Fair
289,Fair
290,Fair
291,Fair
292,Fair
293,Fair
294,Fair
295,Fair
296,Fair
297,Fair
298,Fair
299,Fair
300,Fair
301,Fair
302,Fair
303,Fair
304,Fair
305,Fair
306,Fair
307,Fair
308,Fair
309,Fair
310,Fair
311,Fair
312,Fair
313,Fair
314,Fair
315,Fair
316,Fair
317,Fair
318,Fair
319,Fair
320,Fair
321,Fair
322,Fair
323,Fair
324,Fair
325,Fair
326,Fair
327,Fair
328,Fair
329,Fair
330,Fair
331,Fair
332,Fair
333,Fair
334,Fair
335,Fair
336,Fair
337,Fair
338,Fair
339,Fair
340,Fair
341,Fair
342,Fair
343,Fair
344,Fair
345,Fair
346,Fair
347,Fair
348,Fair
349,Fair
350,Fair
351,Fair
352,Fair
353,Fair
354,Fair
355,Fair
356,Fair
357,Fair
358,Fair
359,Fair
360,Fair
361,Fair
362,Fair
363,Fair
364,Fair
365,Fair
366,Fair
367,Fair
368,Fair
369,Fair
370,Fair
371,Fair
372,Fair
373,Fair
374,Fair
375,Fair
376,Fair
377,Fair
378,Fair
379,Fair
380,Fair
381,Fair
382,Fair
383,Fair
384,Fair
385,Fair
386,Fair
387,Fair
388,Fair
389,Fair
390,Fair
391,Fair
392,Fair
393,Fair
394,Fair
395,Fair
396,Fair
397,Fair
398,Fair
399,Fair
400,Fair
401,Fair
402,Fair
403,Fair
404,Fair
405,Fair
406,Fair
407,Fair
408,Fair
409,Fair
410,Fair
411,Fair
412,Fair
413,Fair
414,Fair
415,Fair
416,Fair
417,Fair
418,Fair
419,Fair
420,Fair
421,Fair
422,Fair
423,Fair
424,Fair
425,Fair
426,Fair
427,Fair
428,Fair
429,Fair
430,Fair
431,Fair
432,Fair
433,Fair
434,Fair
435,Fair
436,Fair
437,Fair
438,Fair
439,Fair
440,Fair
441,Fair
442,Fair
443,Fair
444,Fair
445,Fair
446,Fair
447,Fair
448,Fair
449,Fair
450,Fair
451,Fair
452,Fair
453,Fair
454,Fair
455,Fair
456,Fair
457,Fair
458,Fair
459,Fair
460,Fair
461,Fair
462,Fair
463,Fair
464,Fair
465,Fair
466,Fair
467,Fair
468,Fair
469,Fair
470,Fair
471,Fair
472,Fair
473,Fair
474,Fair
475,Fair
476,Fair
477,Fair
478,Fair
479,Fair
480,Fair
481,Fair
482,Fair
483,Fair
484,Fair
485,Fair
486,Fair
487,Fair
488,Fair
489,Fair
490,Fair
491,Fair
492,Fair
493,Fair
494,Fair
495,Fair
496,Fair
497,Fair
498,Fair
499,Fair
500,Fair
501,Fair
502,Fair
503,Fair
504,Fair
505,Fair
506,Fair
507,Fair
508,Fair
509,Fair
510,Fair
511,Fair
512,Fair
513,Fair
514,Fair
515,Fair
516,Fair
517,Fair
518,Fair
519,Fair
520,Fair
521,Fair
522,Fair
523,Fair
524,Fair
525,Fair
526,Fair
527,Fair
528,Fair
529,Fair
530,Fair
531,Fair
532,Fair
533,Fair
534,Fair
535,Fair
536,Fair
537,Fair
538,Fair
539,Fair
540,Fair
541,Fair
542,Fair
543,Fair
544,Fair
545,Fair
546,Fair
547,Fair
548,Fair
549,Fair
550,Fair
551,Fair
552,Fair
553,Fair
554,Fair
555,Fair
556,Fair
557,Fair
558,Fair
559,Fair
560,Fair
561,Fair
562,Fair
563,Fair
564,Fair
565,Fair
566,Fair
567,Fair
568,Fair
569,Fair
570,Fair
571,Fair
572,Fair
573,Fair
574,Fair
575,Fair
576,Fair
577,Fair
578,Fair
579,Fair
580,Fair
581,Fair
582,Fair
583,Fair
584,Fair
585,Fair
586,Fair
587,Fair
588,Fair
589,Fair
590,Fair
591,Fair
592,Fair
593,Fair
594,Fair
595,Fair
596,Fair
597,Fair
598,Fair
599,Fair
600,Fair
601,Fair
602,Fair
603,Fair
604,Fair
605,Fair
606,Fair
607,Fair
608,Fair
609,Fair
610,Fair
611,Fair
612,Fair
613,Fair
614,Fair
615,Fair
616,Fair
617,Fair
618,Fair
619,Fair
620,Fair
621,Fair
622,Fair
623,Fair
624,Fair
625,Fair
626,Fair
627,Fair
628,Fair
629,Fair
630,Fair
631,Fair
632,Fair
633,Fair
634,Fair
635,Fair
636,Fair
637,Fair
638,Fair
639,Fair
640,Fair
641,Fair
642,Fair
643,Fair
644,Fair
645,Fair
646,Fair
647,Fair
648,Fair
649,Fair
650,Fair
651,Fair
652,Fair
653,Fair
654,Fair
655,Fair
656,Fair
657,Fair
658,Fair
659,Fair
660,Fair
661,Fair
662,Fair
663,Fair
664,Fair
665,Fair
666,Fair
667,Fair
668,Fair
669,Fair
670,Fair
671,Fair
672,Fair
673,Fair
674,Fair
675,Fair
676,Fair
677,Fair
678,Fair
679,Fair
680,Fair
681,Fair
682,Fair
683,Fair
684,Fair
685,Fair
686,Fair
687,Fair
688,Fair
689,Fair
690,Fair
691,Fair
692,Fair
693,Fair
694,Fair
695,Fair
696,Fair
697,Fair
698,Fair
699,Fair
700,Fair
701,Fair
702,Fair
703,Fair
704,Fair
705,Fair
706,Fair
707,Fair
708,Fair
709,Fair
710,Fair
711,Fair
712,Fair
713,Fair
714,Fair
715,Fair
716,Fair
717,Fair
718,Fair
719,Fair
720,Fair
721,Fair
722,Fair
723,Fair
724,Fair
725,Fair
726,Fair
727,Fair
728,Fair
729,Fair
730,Fair
731,Fair
732,Fair
733,Fair
734,Fair
735,Fair
736,Fair
737,Fair
738,Fair
739,Fair
740,Fair
741,Fair
742,Fair
743,Fair
744,Fair
745,Fair
746,Fair
747,Fair
748,Fair
749,Fair
750,Fair
751,Fair
752,Fair
753,Fair
754,Fair
755,Fair
756,Fair
757,Fair
758,Fair
759,Fair
760,Fair
761,Fair
762,Fair
763,Fair
764,Fair
765,Fair
766,Fair
767,Fair
768,Fair
769,Fair
770,Fair
771,Fair
772,Fair
773,Fair
774,Fair
775,Fair
776,Fair
777,Fair
778,Fair
779,Fair
780,Fair
781,Fair
782,Fair
783,Fair
784,Fair
785,Fair
786,Fair
787,Fair
788,Fair
789,Fair
790,Fair
791,Fair
792,Fair
793,Fair
794,Fair
795,Fair
796,Fair
797,Fair
798,Fair
799,Fair
800,Fair
801,Fair
802,Fair
803,Fair
804,Fair
805,Fair
806,Fair
807,Fair
808,Fair
809,Fair
810,Fair
811,Fair
812,Fair
813,Fair
814,Fair
815,Fair
816,Fair
817,Fair
818,Fair
819,Fair
820,Fair
821,Fair
822,Fair
823,Fair
824,Fair
825,Fair
826,Fair
827,Fair
828,Fair
829,Fair
830,Fair
831,Fair
832,Fair
833,Fair
834,Fair
835,Fair
836,Fair
837,Fair
838,Fair
839,Fair
840,Fair
841,Fair
842,Fair
843,Fair
844,Fair
845,Fair
846,Fair
847,Fair
848,Fair
849,Fair
850,Fair
851,Fair
852,Fair
853,Fair
854,Fair
855,Fair
856,Fair
857,Fair
858,Fair
859,Fair
860,Fair
861,Fair
862,Fair
863,Fair
864,Fair
865,Fair
866,Fair
867,Fair
868,Fair
869,Fair
870,Fair
871,Fair
872,Fair
873,Fair
874,Fair
875,Fair
876,Fair
877,Fair
878,Fair
879,Fair
880,Fair
881,Fair
882,Fair
883,Fair
884,Fair
885,Fair
886,Fair
887,Fair
888,Fair
889,Fair
890,Fair
891,Fair
892,Fair
893,Fair
894,Fair
895,Fair
896,Fair
897,Fair
898,Fair
899,Fair
900,Fair
901,Fair
902,Fair
903,Fair
904,Fair
905,Fair
906,Fair
907,Fair
908,Fair
909,Fair
910,Fair
911,Fair
912,Fair
913,Fair
914,Fair
915,Fair
916,Fair
917,Fair
918,Fair
919,Fair
920,Fair
921,Fair
922,Fair
923,Fair
924,Fair
925,Fair
926,Fair
927,Fair
928,Fair
929,Fair
930,Fair
931,Fair
932,Fair
933,Fair
934,Fair
935,Fair
936,Fair
937,Fair
938,Fair
939,Fair
940,Fair
941,Fair
942,Fair
943,Fair
944,Fair
945,Fair
946,Fair
947,Fair
948,Fair
949,Fair
950,Fair
951,Fair
952,Fair
953,Fair
954,Fair
955,Fair
956,Fair
957,Fair
958,Fair
959,Fair
960,Fair
961,Fair
962,Fair
963,Fair
964,Fair
965,Fair
966,Fair
967,Fair
968,Fair
969,Fair
970,Fair
971,Fair
972,Fair
973,Fair
974,Fair
975,Fair
976,Fair
977,Fair
978,Fair
979,Fair
980,Fair
981,Fair
982,Fair
983,Fair
984,Fair
985,Fair
986,Fair
987,Fair
988,Fair
989,Fair
990,Fair
991,Fair
992,Fair
993,Fair
994,Fair
995,Fair
996,Fair
997,Fair
998,Fair
999,Fair
1000,Fair
1001,Fair
1002,Fair
1003,Fair
1004,Fair
1005,Fair
1006,Fair
1007,Fair
1008,Fair
1009,Fair
1010,Fair
1011,Fair
1012,Fair
1013,Fair
1014,Fair
1015,Fair
1016,Fair
1017,Fair
1018,Fair
1019,Fair
1020,Fair
1021,Fair
1022,Fair
1023,Fair
1024,Fair
1025,Fair
1026,Fair
1027,Fair
1028,Fair
1029,Fair
1030,Fair
1031,Fair
1032,Fair
1033,Fair
1034,Fair
1035,Fair
1036,Fair
1037,Fair
1038,Fair
1039,Fair
1040,Fair
1041,Fair
1042,Fair
1043,Fair
1044,Fair
1045,Fair
1046,Fair
1047,Fair
1048,Fair
1049,Fair
1050,Fair
1051,Fair
1052,Fair
1053,Fair
1054,Fair
1055,Fair
1056,Fair
1057,Fair
1058,Fair
1059,Fair
1060,Fair
1061,Fair
1062,Fair
1063,Fair
1064,Fair
1065,Fair
1066,Fair
1067,Fair
1068,Fair
1069,Fair
1070,Fair
1071,Fair
1072,Fair
1073,Fair
1074,Fair
1075,Fair
1076,Fair
1077,Fair
1078,Fair
1079,Fair
1080,Fair
1081,Fair
1082,Fair
1083,Fair
1084,Fair
1085,Fair
1086,Fair
1087,Fair
1088,Fair
1089,Fair
1090,Fair
1091,Fair
1092,Fair
1093,Fair
1094,Fair
1095,Fair
1096,Fair
1097,Fair
1098,Fair
1099,Fair
1100,Fair
1101,Fair
1102,Fair
1103,Fair
1104,Fair
1105,Fair
1106,Fair
1107,Fair
1108,Fair
1109,Fair
1110,Fair
1111,Fair
1112,Fair
1113,Fair
1114,Fair
1115,Fair
1116,Fair
1117,Fair
1118,Fair
1119,Fair
1120,Fair
1121,Fair
1122,Fair
1123,Fair
1124,Fair
1125,Fair
1126,Fair
1127,Fair
1128,Fair
1129,Fair
1130,Fair
1131,Fair
1132,Fair
1133,Fair
1134,Fair
1135,Fair
1136,Fair
1137,Fair
1138,Fair
1139,Fair
1140,Fair
1141,Fair
1142,Fair
1143,Fair
1144,Fair
1145,Fair
1146,Fair
1147,Fair
1148,Fair
1149,Fair
1150,Fair
1151,Fair
1152,Fair
1153,Fair
1154,Fair
1155,Fair
1156,Fair
1157,Fair
1158,Fair
1159,Fair
1160,Fair
1161,Fair
1162,Fair
1163,Fair
1164,Fair
1165,Fair
1166,Fair
1167,Fair
1168,Fair
1169,Fair
1170,Fair
1171,Fair
1172,Fair
1173,Fair
1174,Fair
1175,Fair
1176,Fair
1177,Fair
1178,Fair
1179,Fair
1180,Fair
1181,Fair
1182,Fair
1183,Fair
1184,Fair
1185,Fair
1186,Fair
1187,Fair
1188,Fair
1189,Fair
1190,Fair
1191,Fair
1192,Fair
1193,Fair
1194,Fair
1195,Fair
1196,Fair
1197,Fair
1198,Fair
1199,Fair
1200,Fair
1201,Fair
1202,Fair
1203,Fair
1204,Fair
1205,Fair
1206,Fair
1207,Fair
1208,Fair
1209,Fair
1210,Fair
1211,Fair
1212,Fair
1213,Fair
1214,Fair
1215,Fair
1216,Fair
1217,Fair
1218,Fair
1219,Fair
1220,Fair
1221,Fair
1222,Fair
1223,Fair
1224,Fair
1225,Fair
1226,Fair
1227,Fair
1228,Fair
1229,Fair
1230,Fair
1231,Fair
1232,Fair
1233,Fair
1234,Fair
1235,Fair
1236,Fair
1237,Fair
1238,Fair
1239,Fair
1240,Fair
1241,Fair
1242,Fair
1243,Fair
1244,Fair
1245,Fair
1246,Fair
1247,Fair
1248,Fair
1249,Fair
1250,Fair
1251,Fair
1252,Fair
1253,Fair
1254,Fair
1255,Fair
1256,Fair
1257,Fair
1258,Fair
1259,Fair
1260,Fair
1261,Fair
1262,Fair
1263,Fair
1264,Fair
1265,Fair
1266,Fair
1267,Fair
1268,Fair
1269,Fair
1270,Fair
1271,Fair
1272,Fair
1273,Fair
1274,Fair
1275,Fair
1276,Fair
1277,Fair
1278,Fair
1279,Fair
1280,Fair
1281,Fair
1282,Fair
1283,Fair
1284,Fair
1285,Fair
1286,Fair
1287,Fair
1288,Fair
1289,Fair
1290,Fair
1291,Fair
1292,Fair
1293,Fair
1294,Fair
1295,Fair
1296,Fair
1297,Fair
1298,Fair
1299,Fair
1300,Fair
1301,Fair
1302,Fair
1303,Fair
1304,Fair
1305,Fair
1306,Fair
1307,Fair
1308,Fair
1309,Fair
1310,Fair
1311,Fair
1312,Fair
1313,Fair
1314,Fair
1315,Fair
1316,Fair
1317,Fair
1318,Fair
1319,Fair
1320,Fair
1321,Fair
1322,Fair
1323,Fair
1324,Fair
1325,Fair
1326,Fair
1327,Fair
1328,Fair
1329,Fair
1330,Fair
1331,Fair
1332,Fair
1333,Fair
1334,Fair
1335,Fair
1336,Fair
1337,Fair
1338,Fair
1339,Fair
1340,Fair
1341,Fair
1342,Fair
1343,Fair
1344,Fair
1345,Fair
1346,Fair
1347,Fair
1348,Fair
1349,Fair
1350,Fair
1351,Fair
1352,Fair
1353,Fair
1354,Fair
1355,Fair
1356,Fair
1357,Fair
1358,Fair
1359,Fair
1360,Fair
1361,Fair
1362,Fair
1363,Fair
1364,Fair
1365,Fair
1366,Fair
1367,Fair
1368,Fair
1369,Fair
1370,Fair
1371,Fair
1372,Fair
1373,Fair
1374,Fair
1375,Fair
1376,Fair
1377,Fair
1378,Fair
1379,Fair
1380,Fair
1381,Fair
1382,Fair
1383,Fair
1384,Fair
1385,Fair
1386,Fair
1387,Fair
1388,Fair
1389,Fair
1390,Fair
1391,Fair
1392,Fair
1393,Fair
1394,Fair
1395,Fair
1396,Fair
1397,Fair
1398,Fair
1399,Fair
1400,Fair
1401,Fair
1402,Fair
1403,Fair
1404,Fair
1405,Fair
1406,Fair
1407,Fair
1408,Fair
1409,Fair
1410,Fair
1411,Fair
1412,Fair
1413,Fair
1414,Fair
1415,Fair
1416,Fair
1417,Fair
1418,Fair
1419,Fair
1420,Fair
1421,Fair
1422,Fair
1423,Fair
1424,Fair
1425,Fair
1426,Fair
1427,Fair
1428,Fair
1429,Fair
1430,Fair
1431,Fair
1432,Fair
1433,Fair
1434,Fair
1435,Fair
1436,Fair
1437,Fair
1438,Fair
1439,Fair
1440,Fair
1441,Fair
1442,Fair
1443,Fair
1444,Fair
1445,Fair
1446,Fair
1447,Fair
1448,Fair
1449,Fair
1450,Fair
1451,Fair
1452,Fair
1453,Fair
1454,Fair
1455,Fair
1456,Fair
1457,Fair
1458,Fair
1459,Fair
1460,Fair
1461,Fair
1462,Fair
1463,Fair
1464,Fair
1465,Fair
1466,Fair
1467,Fair
1468,Fair
1469,Fair
1470,Fair
1471,Fair
1472,Fair
1473,Fair
1474,Fair
1475,Fair
1476,Fair
1477,Fair
1478,Fair
1479,Fair
1480,Fair
1481,Fair
1482,Fair
1483,Fair
1484,Fair
1485,Fair
1486,Fair
1487,Fair
1488,Fair
1489,Fair
1490,Fair
1491,Fair
1492,Fair
1493,Fair
1494,Fair
1495,Fair
1496,Fair
1497,Fair
1498,Fair
1499,Fair
1500,Fair
1501,Fair
1502,Fair
1503,Fair
1504,Fair
1505,Fair
1506,Fair
1507,Fair
1508,Fair
1509,Fair
1510,Fair
1511,Fair
1512,Fair
1513,Fair
1514,Fair
1515,Fair
1516,Fair
1517,Fair
1518,Fair
1519,Fair
1520,Fair
1521,Fair
1522,Fair
1523,Fair
1524,Fair
1525,Fair
1526,Fair
1527,Fair
1528,Fair
1529,Fair
1530,Fair
1531,Fair
1532,Fair
1533,Fair
1534,Fair
1535,Fair
1536,Fair
1537,Fair
1538,Fair
1539,Fair
1540,Fair
1541,Fair
1542,Fair
1543,Fair
1544,Fair
1545,Fair
1546,Fair
1547,Fair
1548,Fair
1549,Fair
1550,Fair
1551,Fair
1552,Fair
1553,Fair
1554,Fair
1555,Fair
1556,Fair
1557,Fair
1558,Fair
1559,Fair
1560,Fair
1561,Fair
1562,Fair
1563,Fair
1564,Fair
1565,Fair
1566,Fair
1567,Fair
1568,Fair
1569,Fair
1570,Fair
1571,Fair
1572,Fair
1573,Fair
1574,Fair
1575,Fair
1576,Fair
1577,Fair
1578,Fair
1579,Fair
1580,Fair
1581,Fair
1582,Fair
1583,Fair
1584,Fair
1585,Fair
1586,Fair
1587,Fair
1588,Fair
1589,Fair
1590,Fair
1591,Fair
1592,Fair
1593,Fair
1594,Fair
1595,Fair
1596,Fair
1597,Fair
1598,Fair
1599,Fair
1600,Fair
1601,Fair
1602,Fair
1603,Fair
1604,Fair
1605,Fair
1606,Fair
1607,Fair
1608,Fair
1609,Fair
1610,Fair
1611,Fair
1612,Fair
1613,Fair
1614,Fair
1615,Fair
1616,Fair
1617,Fair
1618,Fair
1619,Fair
1620,Fair
1621,Fair
1622,Fair
1623,Fair
1624,Fair
1625,Fair
1626,Fair
1627,Fair
1628,Fair
1629,Fair
1630,Fair
1631,Fair
1632,Fair
1633,Fair
1634,Fair
1635,Fair
1636,Fair
1637,Fair
1638,Fair
1639,Fair
1640,Fair
1641,Fair
1642,Fair
1643,Fair
1644,Fair
1645,Fair
1646,Fair
1647,Fair
1648,Fair
1649,Fair
1650,Fair
1651,Fair
1652,Fair
1653,Fair
1654,Fair
1655,Fair
1656,Fair
1657,Fair
1658,Fair
1659,Fair
1660,Fair
1661,Fair
1662,Fair
1663,Fair
1664,Fair
1665,Fair
1666,Fair
1667,Fair
1668,Fair
1669,Fair
1670,Fair
1671,Fair
1672,Fair
1673,Fair
1674,Fair
1675,Fair
1676,Fair
1677,Fair
1678,Fair
1679,Fair
1680,Fair
1681,Fair
1682,Fair
1683,Fair
1684,Fair
1685,Fair
1686,Fair
1687,Fair
1688,Fair
1689,Fair
1690,Fair
1691,Fair
1692,Fair
1693,Fair
1694,Fair
1695,Fair
1696,Fair
1697,Fair
1698,Fair
1699,Fair
1700,Fair
1701,Fair
1702,Fair
1703,Fair
1704,Fair
1705,Fair
1706,Fair
1707,Fair
1708,Fair
1709,Fair
1710,Fair
1711,Fair
1712,Fair
1713,Fair
1714,Fair
1715,Fair
1716,Fair
1717,Fair
1718,Fair
1719,Fair
1720,Fair
1721,Fair
1722,Fair
1723,Fair
1724,Fair
1725,Fair
1726,Fair
1727,Fair
1728,Fair
1729,Fair
1730,Fair
1731,Fair
1732,Fair
1733,Fair
1734,Fair
1735,Fair
1736,Fair
1737,Fair
1738,Fair
1739,Fair
1740,Fair
1741,Fair
1742,Fair
1743,Fair
1744,Fair
1745,Fair
1746,Fair
1747,Fair
1748,Fair
1749,Fair
1750,Fair
1751,Fair
1752,Fair
1753,Fair
1754,Fair
1755,Fair
1756,Fair
1757,Fair
1758,Fair
1759,Fair
1760,Fair
1761,Fair
1762,Fair
1763,Fair
1764,Fair
1765,Fair
1766,Fair
1767,Fair
1768,Fair
1769,Fair
1770,Fair
1771,Fair
1772,Fair
1773,Fair
1774,Fair
1775,Fair
1776,Fair
1777,Fair
1778,Fair
1779,Fair
1780,Fair
1781,Fair
1782,Fair
1783,Fair
1784,Fair
1785,Fair
1786,Fair
1787,Fair
1788,Fair
1789,Fair
1790,Fair
1791,Fair
1792,Fair
1793,Fair
1794,Fair
1795,Fair
1796,Fair
1797,Fair
1798,Fair
1799,Fair
1800,Fair
1801,Fair
1802,Fair
1803,Fair
1804,Fair
1805,Fair
1806,Fair
1807,Fair
1808,Fair
1809,Fair
1810,Fair
1811,Fair
1812,Fair
1813,Fair
1814,Fair
1815,Fair
1816,Fair
1817,Fair
1818,Fair
1819,Fair
1820,Fair
1821,Fair
1822,Fair
1823,Fair
1824,Fair
1825,Fair
1826,Fair
1827,Fair
1828,Fair
1829,Fair
1830,Fair
1831,Fair
1832,Fair
1833,Fair
1834,Fair
1835,Fair
1836,Fair
1837,Fair
1838,Fair
1839,Fair
1840,Fair
1841,Fair
1842,Fair
1843,Fair
1844,Fair
1845,Fair
1846,Fair
1847,Fair
1848,Fair
1849,Fair
1850,Fair
1851,Fair
1852,Fair
1853,Fair
1854,Fair
1855,Fair
1856,Fair
1857,Fair
1858,Fair
1859,Fair
1860,Fair
1861,Fair
1862,Fair
1863,Fair
1864,Fair
1865,Fair
1866,Fair
1867,Fair
1868,Fair
1869,Fair
1870,Fair
1871,Fair
1872,Fair
1873,Fair
1874,Fair
1875,Fair
1876,Fair
1877,Fair
1878,Fair
1879,Fair
1880,Fair
1881,Fair
1882,Fair
1883,Fair
1884,Fair
1885,Fair
1886,Fair
1887,Fair
1888,Fair
1889,Fair
1890,Fair
1891,Fair
1892,Fair
1893,Fair
1894,Fair
1895,Fair
1896,Fair
1897,Fair
1898,Fair
1899,Fair
1900,Fair
1901,Fair
1902,Fair
1903,Fair
1904,Fair
1905,Fair
1906,Fair
1907,Fair
1908,Fair
1909,Fair
1910,Fair
1911,Fair
1912,Fair
1913,Fair
1914,Fair
1915,Fair
1916,Fair
1917,Fair
1918,Fair
1919,Fair
1920,Fair
1921,Fair
1922,Fair
1923,Fair
1924,Fair
1925,Fair
1926,Fair
1927,Fair
1928,Fair
1929,Fair
1930,Fair
1931,Fair
1932,Fair
1933,Fair
1934,Fair
1935,Fair
1936,Fair
1937,Fair
1938,Fair
1939,Fair
1940,Fair
1941,Fair
1942,Fair
1943,Fair
1944,Fair
1945,Fair
1946,Fair
1947,Fair
1948,Fair
1949,Fair
1950,Fair
1951,Fair
1952,Fair
1953,Fair
1954,Fair
1955,Fair
1956,Fair
1957,Fair
1958,Fair
1959,Fair
1960,Fair
1961,Fair
1962,Fair
1963,Fair
1964,Fair
1965,Fair
1966,Fair
1967,Fair
1968,Fair
1969,Fair
1970,Fair
1971,Fair
1972,Fair
1973,Fair
1974,Fair
1975,Fair
1976,Fair
1977,Fair
1978,Fair
1979,Fair
1980,Fair
1981,Fair
1982,Fair
1983,Fair
1984,Fair
1985,Fair
1986,Fair
1987,Fair
1988,Fair
1989,Fair
1990,Fair
1991,Fair
1992,Fair
1993,Fair
1994,Fair
1995,Fair
1996,Fair
1997,Fair
1998,Fair
1999,Fair
2000,Fair
2001,Fair
2002,Fair
2003,Fair
2004,Fair
2005,Fair
2006,Fair
2007,Fair
2008,Fair
2009,Fair
2010,Fair
2011,Fair
2012,Fair
2013,Fair
2014,Fair
2015,Fair
2016,Fair
2017,Fair
2018,Fair
2019,Fair
2020,Fair
2021,Fair
2022,Fair
2023,Fair
2024,Fair
2025,Fair
2026,Fair
2027,Fair
2028,Fair
2029,Fair
2030,Fair
2031,Fair
2032,Fair
2033,Fair
2034,Fair
2035,Fair
2036,Fair
2037,Fair
2038,Fair
2039,Fair
2040,Fair
2041,Fair
2042,Fair
2043,Fair
2044,Fair
2045,Fair
2046,Fair
2047,Fair
2048,Fair
2049,Fair
2050,Fair
2051,Fair
2052,Fair
2053,Fair
2054,Fair
2055,Fair
2056,Fair
2057,Fair
2058,Fair
2059,Fair
2060,Fair
2061,Fair
2062,Fair
2063,Fair
2064,Fair
2065,Fair
2066,Fair
2067,Fair
2068,Fair
2069,Fair
2070,Fair
2071,Fair
2072,Fair
2073,Fair
2074,Fair
2075,Fair
2076,Fair
2077,Fair
2078,Fair
2079,Fair
2080,Fair
2081,Fair
2082,Fair
2083,Fair
2084,Fair
2085,Fair
2086,Fair
2087,Fair
2088,Fair
2089,Fair
2090,Fair
2091,Fair
2092,Fair
2093,Fair
2094,Fair
2095,Fair
2096,Fair
2097,Fair
2098,Fair
2099,Fair
2100,Fair
2101,Fair
2102,Fair
2103,Fair
2104,Fair
2105,Fair
2106,Fair
2107,Fair
2108,Fair
2109,Fair
2110,Fair
2111,Fair
2112,Fair
2113,Fair
2114,Fair
2115,Fair
2116,Fair
2117,Fair
2118,Fair
2119,Fair
2120,Fair
2121,Fair
2122,Fair
2123,Fair
2124,Fair
2125,Fair
2126,Fair
2127,Fair
2128,Fair
2129,Fair
2130,Fair
2131,Fair
2132,Fair
2133,Fair
2134,Fair
2135,Fair
2136,Fair
2137,Fair
2138,Fair
2139,Fair
2140,Fair
2141,Fair
2142,Fair
2143,Fair
2144,Fair
2145,Fair
2146,Fair
2147,Fair
2148,Fair
2149,Fair
2150,Fair
2151,Fair
2152,Fair
2153,Fair
2154,Fair
2155,Fair
2156,Fair
2157,Fair
2158,Fair
2159,Fair
2160,Fair
2161,Fair
2162,Fair
2163,Fair
2164,Fair
2165,Fair
2166,Fair
2167,Fair
2168,Fair
2169,Fair
2170,Fair
2171,Fair
2172,Fair
2173,Fair
2174,Fair
2175,Fair
2176,Fair
2177,Fair
2178,Fair
2179,Fair
2180,Fair
2181,Fair
2182,Fair
2183,Fair
2184,Fair
2185,Fair
2186,Fair
2187,Fair
2188,Fair
2189,Fair
2190,Fair
2191,Fair
2192,Fair
2193,Fair
2194,Fair
2195,Fair
2196,Fair
2197,Fair
2198,Fair
2199,Fair
2200,Fair
2201,Fair
2202,Fair
2203,Fair
2204,Fair
2205,Fair
2206,Fair
2207,Fair
2208,Fair
2209,Fair
2210,Fair
2211,Fair
2212,Fair
2213,Fair
2214,Fair
2215,Fair
2216,Fair
2217,Fair
2218,Fair
2219,Fair
2220,Fair
2221,Fair
2222,Fair
2223,Fair
2224,Fair
2225,Fair
2226,Fair
2227,Fair
2228,Fair
2229,Fair
2230,Fair
2231,Fair
2232,Fair
2233,Fair
2234,Fair
2235,Fair
2236,Fair
2237,Fair
2238,Fair
2239,Fair
2240,Fair
2241,Fair
2242,Fair
2243,Fair
2244,Fair
2245,Fair
2246,Fair
2247,Fair
2248,Fair
2249,Fair
2250,Fair
2251,Fair
2252,Fair
2253,Fair
2254,Fair
2255,Fair
2256,Fair
2257,Fair
2258,Fair
2259,Fair
2260,Fair
2261,Fair
2262,Fair
2263,Fair
2264,Fair
2265,Fair
2266,Fair
2267,Fair
2268,Fair
2269,Fair
2270,Fair
2271,Fair
2272,Fair
2273,Fair
2274,Fair
2275,Fair
2276,Fair
2277,Fair
2278,Fair
2279,Fair
2280,Fair
2281,Fair
2282,Fair
2283,Fair
2284,Fair
2285,Fair
2286,Fair
2287,Fair
2288,Fair
2289,Fair
2290,Fair
2291,Fair
2292,Fair
2293,Fair
2294,Fair
2295,Fair
2296,Fair
2297,Fair
2298,Fair
2299,Fair
2300,Fair
2301,Fair
2302,Fair
2303,Fair
2304,Fair
2305,Fair
2306,Fair
2307,Fair
2308,Fair
2309,Fair
2310,Fair
2311,Fair
2312,Fair
2313,Fair
2314,Fair
2315,Fair
2316,Fair
2317,Fair
2318,Fair
2319,Fair
2320,Fair
2321,Fair
2322,Fair
2323,Fair
2324,Fair
2325,Fair
2326,Fair
2327,Fair
2328,Fair
2329,Fair
2330,Fair
2331,Fair
2332,Fair
2333,Fair
2334,Fair
2335,Fair
2336,Fair
2337,Fair
2338,Fair
2339,Fair
2340,Fair
2341,Fair
2342,Fair
2343,Fair
2344,Fair
2345,Fair
2346,Fair
2347,Fair
2348,Fair
2349,Fair
2350,Fair
2351,Fair
2352,Fair
2353,Fair
2354,Fair
2355,Fair
2356,Fair
2357,Fair
2358,Fair
2359,Fair
2360,Fair
2361,Fair
2362,Fair
2363,Fair
2364,Fair
2365,Fair
2366,Fair
2367,Fair
2368,Fair
2369,Fair
2370,Fair
2371,Fair
2372,Fair
2373,Fair
2374,Fair
2375,Fair
2376,Fair
2377,Fair
2378,Fair
2379,Fair
2380,Fair
2381,Fair
2382,Fair
2383,Fair
2384,Fair
2385,Fair
2386,Fair
2387,Fair
2388,Fair
2389,Fair
2390,Fair
2391,Fair
2392,Fair
2393,Fair
2394,Fair
2395,Fair
2396,Fair
2397,Fair
2398,Fair
2399,Fair
2400,Fair
2401,Fair
2402,Fair
2403,Fair
2404,Fair
2405,Fair
2406,Fair
2407,Fair
2408,Fair
2409,Fair
2410,Fair
2411,Fair
2412,Fair
2413,Fair
2414,Fair
2415,Fair
2416,Fair
2417,Fair
2418,Fair
2419,Fair
2420,Fair
2421,Fair
2422,Fair
2423,Fair
2424,Fair
2425,Fair
2426,Fair
2427,Fair
2428,Fair
2429,Fair
2430,Fair
2431,Fair
2432,Fair
2433,Fair
2434,Fair
2435,Fair
2436,Fair
2437,Fair
2438,Fair
2439,Fair
2440,Fair
2441,Fair
2442,Fair
2443,Fair
2444,Fair
2445,Fair
2446,Fair
2447,Fair
2448,Fair
2449,Fair
2450,Fair
2451,Fair
2452,Fair
2453,Fair
2454,Fair
2455,Fair
2456,Fair
2457,Fair
2458,Fair
2459,Fair
2460,Fair
2461,Fair
2462,Fair
2463,Fair
2464,Fair
2465,Fair
2466,Fair
2467,Fair
2468,Fair
2469,Fair
2470,Fair
2471,Fair
2472,Fair
2473,Fair
2474,Fair
2475,Fair
2476,Fair
2477,Fair
2478,Fair
2479,Fair
2480,Fair
2481,Fair
2482,Fair
2483,Fair
2484,Fair
2485,Fair
2486,Fair
2487,Fair
2488,Fair
2489,Fair
2490,Fair
2491,Fair
2492,Fair
2493,Fair
2494,Fair
2495,Fair
2496,Fair
2497,Fair
2498,Fair
2499,Fair
2500,Fair
2501,Fair
2502,Fair
2503,Fair
2504,Fair
2505,Fair
2506,Fair
2507,Fair
2508,Fair
2509,Fair
2510,Fair
2511,Fair
2512,Fair
2513,Fair
2514,Fair
2515,Fair
2516,Fair
2517,Fair
2518,Fair
2519,Fair
2520,Fair
2521,Fair
2522,Fair
2523,Fair
2524,Fair
2525,Fair
2526,Fair
2527,Fair
2528,Fair
2529,Fair
2530,Fair
2531,Fair
2532,Fair
2533,Fair
2534,Fair
2535,Fair
2536,Fair
2537,Fair
2538,Fair
2539,Fair
2540,Fair
2541,Fair
2542,Fair
2543,Fair
2544,Fair
2545,Fair
2546,Fair
2547,Fair
2548,Fair
2549,Fair
2550,Fair
2551,Fair
2552,Fair
2553,Fair
2554,Fair
2555,Fair
2556,Fair
2557,Fair
2558,Fair
2559,Fair
2560,Fair
2561,Fair
2562,Fair
2563,Fair
2564,Fair
2565,Fair
2566,Fair
2567,Fair
2568,Fair
2569,Fair
2570,Fair
2571,Fair
2572,Fair
2573,Fair
2574,Fair
2575,Fair
2576,Fair
2577,Fair
2578,Fair
2579,Fair
2580,Fair
2581,Fair
2582,Fair
2583,Fair
2584,Fair
2585,Fair
2586,Fair
2587,Fair
2588,Fair
2589,Fair
2590,Fair
2591,Fair
2592,Fair
2593,Fair
2594,Fair
2595,Fair
2596,Fair
2597,Fair
2598,Fair
2599,Fair
2600,Fair
2601,Fair
2602,Fair
2603,Fair
2604,Fair
2605,Fair
2606,Fair
2607,Fair
2608,Fair
2609,Fair
2610,Fair
2611,Fair
2612,Fair
2613,Fair
2614,Fair
2615,Fair
2616,Fair
2617,Fair
2618,Fair
2619,Fair
2620,Fair
2621,Fair
2622,Fair
2623,Fair
2624,Fair
2625,Fair
2626,Fair
2627,Fair
2628,Fair
2629,Fair
2630,Fair
2631,Fair
2632,Fair
2633,Fair
2634,Fair
2635,Fair
2636,Fair
2637,Fair
2638,Fair
2639,Fair
2640,Fair
2641,Fair
2642,Fair
2643,Fair
2644,Fair
2645,Fair
2646,Fair
2647,Fair
2648,Fair
2649,Fair
2650,Fair
2651,Fair
2652,Fair
2653,Fair
2654,Fair
2655,Fair
2656,Fair
2657,Fair
2658,Fair
2659,Fair
2660,Fair
2661,Fair
2662,Fair
2663,Fair
2664,Fair
2665,Fair
2666,Fair
2667,Fair
2668,Fair
2669,Fair
2670,Fair
2671,Fair
2672,Fair
2673,Fair
2674,Fair
2675,Fair
2676,Fair
2677,Fair
2678,Fair
2679,Fair
2680,Fair
2681,Fair
2682,Fair
2683,Fair
2684,Fair
2685,Fair
2686,Fair
2687,Fair
2688,Fair
2689,Fair
2690,Fair
2691,Fair
2692,Fair
2693,Fair
2694,Fair
2695,Fair
2696,Fair
2697,Fair
2698,Fair
2699,Fair
2700,Fair
2701,Fair
2702,Fair
2703,Fair
2704,Fair
2705,Fair
2706,Fair
2707,Fair
2708,Fair
2709,Fair
2710,Fair
2711,Fair
2712,Fair
2713,Fair
2714,Fair
2715,Fair
2716,Fair
2717,Fair
2718,Fair
2719,Fair
2720,Fair
2721,Fair
2722,Fair
2723,Fair
2724,Fair
2725,Fair
2726,Fair
2727,Fair
2728,Fair
2729,Fair
2730,Fair
2731,Fair
2732,Fair
2733,Fair
2734,Fair
2735,Fair
2736,Fair
2737,Fair
2738,Fair
2739,Fair
2740,Fair
2741,Fair
2742,Fair
2743,Fair
2744,Fair
2745,Fair
2746,Fair
2747,Fair
2748,Fair
2749,Fair
2750,Fair
2751,Fair
2752,Fair
2753,Fair
2754,Fair
2755,Fair
2756,Fair
2757,Fair
2758,Fair
2759,Fair
2760,Fair
2761,Fair
2762,Fair
2763,Fair
2764,Fair
2765,Fair
2766,Fair
2767,Fair
2768,Fair
2769,Fair
2770,Fair
2771,Fair
2772,Fair
2773,Fair
2774,Fair
2775,Fair
2776,Fair
2777,Fair
2778,Fair
2779,Fair
2780,Fair
2781,Fair
2782,Fair
2783,Fair
2784,Fair
2785,Fair
2786,Fair
2787,Fair
2788,Fair
2789,Fair
2790,Fair
2791,Fair
2792,Fair
2793,Fair
2794,Fair
2795,Fair
2796,Fair
2797,Fair
2798,Fair
2799,Fair
2800,Fair
2801,Fair
2802,Fair
2803,Fair
2804,Fair
2805,Fair
2806,Fair
2807,Fair
2808,Fair
2809,Fair
2810,Fair
2811,Fair
2812,Fair
2813,Fair
2814,Fair
2815,Fair
2816,Fair
2817,Fair
2818,Fair
2819,Fair
2820,Fair
2821,Fair
2822,Fair
2823,Fair
2824,Fair
2825,Fair
2826,Fair
2827,Fair
2828,Fair
2829,Fair
2830,Fair
2831,Fair
2832,Fair
2833,Fair
2834,Fair
2835,Fair
2836,Fair
2837,Fair
2838,Fair
2839,Fair
2840,Fair
2841,Fair
2842,Fair
2843,Fair
2844,Fair
2845,Fair
2846,Fair
2847,Fair
2848,Fair
2849,Fair
2850,Fair
2851,Fair
2852,Fair
2853,Fair
2854,Fair
2855,Fair
2856,Fair
2857,Fair
2858,Fair
2859,Fair
2860,Fair
2861,Fair
2862,Fair
2863,Fair
2864,Fair
2865,Fair
2866,Fair
2867,Fair
2868,Fair
2869,Fair
2870,Fair
2871,Fair
2872,Fair
2873,Fair
2874,Fair
2875,Fair
2876,Fair
2877,Fair
2878,Fair
2879,Fair
2880,Fair
2881,Fair
2882,Fair
2883,Fair
2884,Fair
2885,Fair
2886,Fair
2887,Fair
2888,Fair
2889,Fair
2890,Fair
2891,Fair
2892,Fair
2893,Fair
2894,Fair
2895,Fair
2896,Fair
2897,Fair
2898,Fair
2899,Fair
2900,Fair
2901,Fair
2902,Fair
2903,Fair
2904,Fair
2905,Fair
2906,Fair
2907,Fair
2908,Fair
2909,Fair
2910,Fair
2911,Fair
2912,Fair
2913,Fair
2914,Fair
2915,Fair
2916,Fair
2917,Fair
2918,Fair
2919,Fair
2920,Fair
2921,Fair
2922,Fair
2923,Fair
2924,Fair
2925,Fair
2926,Fair
2927,Fair
2928,Fair
2929,Fair
2930,Fair
2931,Fair
2932,Fair
2933,Fair
2934,Fair
2935,Fair
2936,Fair
2937,Fair
2938,Fair
2939,Fair
2940,Fair
2941,Fair
2942,Fair
2943,Fair
2944,Fair
2945,Fair
2946,Fair
2947,Fair
2948,Fair
2949,Fair
2950,Fair
2951,Fair
2952,Fair
2953,Fair
2954,Fair
2955,Fair
2956,Fair
2957,Fair
2958,Fair
2959,Fair
2960,Fair
2961,Fair
2962,Fair
2963,Fair
2964,Fair
2965,Fair
2966,Fair
2967,Fair
2968,Fair
2969,Fair
2970,Fair
2971,Fair
2972,Fair
2973,Fair
2974,Fair
2975,Fair
2976,Fair
2977,Fair
2978,Fair
2979,Fair
2980,Fair
2981,Fair
2982,Fair
2983,Fair
2984,Fair
2985,Fair
2986,Fair
2987,Fair
2988,Fair
2989,Fair
2990,Fair
2991,Fair
2992,Fair
2993,Fair
2994,Fair
2995,Fair
2996,Fair
2997,Fair
2998,Fair
2999,Fair
3000,Fair
3001,Fair
3002,Fair
3003,Fair
3004,Fair
3005,Fair
3006,Fair
3007,Fair
3008,Fair
3009,Fair
3010,Fair
3011,Fair
3012,Fair
3013,Fair
3014,Fair
3015,Fair
3016,Fair
3017,Fair
3018,Fair
3019,Fair
3020,Fair
3021,Fair
3022,Fair
3023,Fair
3024,Fair
3025,Fair
3026,Fair
3027,Fair
3028,Fair
3029,Fair
3030,Fair
3031,Fair
3032,Fair
3033,Fair
3034,Fair
3035,Fair
3036,Fair
3037,Fair
3038,Fair
3039,Fair
3040,Fair
3041,Fair
3042,Fair
3043,Fair
3044,Fair
3045,Fair
3046,Fair
3047,Fair
3048,Fair
3049,Fair
3050,Fair
3051,Fair
3052,Fair
3053,Fair
3054,Fair
3055,Fair
3056,Fair
3057,Fair
3058,Fair
3059,Fair
3060,Fair
3061,Fair
3062,Fair
3063,Fair
3064,Fair
3065,Fair
3066,Fair
3067,Fair
3068,Fair
3069,Fair
3070,Fair
3071,Fair
3072,Fair
3073,Fair
3074,Fair
3075,Fair
3076,Fair
3077,Fair
3078,Fair
3079,Fair
3080,Fair
3081,Fair
3082,Fair
3083,Fair
3084,Fair
3085,Fair
3086,Fair
3087,Fair
3088,Fair
3089,Fair
3090,Fair
3091,Fair
3092,Fair
3093,Fair
3094,Fair
3095,Fair
3096,Fair
3097,Fair
3098,Fair
3099,Fair
3100,Fair
3101,Fair
3102,Fair
3103,Fair
3104,Fair
3105,Fair
3106,Fair
3107,Fair
3108,Fair
3109,Fair
3110,Fair
3111,Fair
3112,Fair
3113,Fair
3114,Fair
3115,Fair
3116,Fair
3117,Fair
3118,Fair
3119,Fair
3120,Fair
3121,Fair
3122,Fair
3123,Fair
3124,Fair
3125,Fair
3126,Fair
3127,Fair
3128,Fair
3129,Fair
3130,Fair
3131,Fair
3132,Fair
3133,Fair
3134,Fair
3135,Fair
3136,Fair
3137,Fair
3138,Fair
3139,Fair
3140,Fair
3141,Fair
3142,Fair
3143,Fair
3144,Fair
3145,Fair
3146,Fair
3147,Fair
3148,Fair
3149,Fair
3150,Fair
3151,Fair
3152,Fair
3153,Fair
3154,Fair
3155,Fair
3156,Fair
3157,Fair
3158,Fair
3159,Fair
3160,Fair
3161,Fair
3162,Fair
3163,Fair
3164,Fair
3165,Fair
3166,Fair
3167,Fair
3168,Fair
3169,Fair
3170,Fair
3171,Fair
3172,Fair
3173,Fair
3174,Fair
3175,Fair
3176,Fair
3177,Fair
3178,Fair
3179,Fair
3180,Fair
3181,Fair
3182,Fair
3183,Fair
3184,Fair
3185,Fair
3186,Fair
3187,Fair
3188,Fair
3189,Fair
3190,Fair
3191,Fair
3192,Fair
3193,Fair
3194,Fair
3195,Fair
3196,Fair
3197,Fair
3198,Fair
3199,Fair
3200,Fair
3201,Fair
3202,Fair
3203,Fair
3204,Fair
3205,Fair
3206,Fair
3207,Fair
3208,Fair
3209,Fair
3210,Fair
3211,Fair
3212,Fair
3213,Fair
3214,Fair
3215,Fair
3216,Fair
3217,Fair
3218,Fair
3219,Fair
3220,Fair
3221,Fair
3222,Fair
3223,Fair
3224,Fair
3225,Fair
3226,Fair
3227,Fair
3228,Fair
3229,Fair
3230,Fair
3231,Fair
3232,Fair
3233,Fair
3234,Fair
3235,Fair
3236,Fair
3237,Fair
3238,Fair
3239,Fair
3240,Fair
3241,Fair
3242,Fair
3243,Fair
3244,Fair
3245,Fair
3246,Fair
3247,Fair
3248,Fair
3249,Fair
3250,Fair
3251,Fair
3252,Fair
3253,Fair
3254,Fair
3255,Fair
3256,Fair
3257,Fair
3258,Fair
3259,Fair
3260,Fair
3261,Fair
3262,Fair
3263,Fair
3264,Fair
3265,Fair
3266,Fair
3267,Fair
3268,Fair
3269,Fair
3270,Fair
3271,Fair
3272,Fair
3273,Fair
3274,Fair
3275,Fair
3276,Fair
3277,Fair
3278,Fair
3279,Fair
3280,Fair
3281,Fair
3282,Fair
3283,Fair
3284,Fair
3285,Fair
3286,Fair
3287,Fair
3288,Fair
3289,Fair
3290,Fair
3291,Fair
3292,Fair
3293,Fair
3294,Fair
3295,Fair
3296,Fair
3297,Fair
3298,Fair
3299,Fair
3300,Fair
3301,Fair
3302,Fair
3303,Fair
3304,Fair
3305,Fair
3306,Fair
3307,Fair
3308,Fair
3309,Fair
3310,Fair
3311,Fair
3312,Fair
3313,Fair
3314,Fair
3315,Fair
3316,Fair
3317,Fair
3318,Fair
3319,Fair
3320,Fair
3321,Fair
3322,Fair
3323,Fair
3324,Fair
3325,Fair
3326,Fair
3327,Fair
3328,Fair
3329,Fair
3330,Fair
3331,Fair
3332,Fair
3333,Fair
3334,Fair
3335,Fair
3336,Fair
3337,Fair
3338,Fair
3339,Fair
3340,Fair
3341,Fair
3342,Fair
3343,Fair
3344,Fair
3345,Fair
3346,Fair
3347,Fair
3348,Fair
3349,Fair
3350,Fair
3351,Fair
3352,Fair
3353,Fair
3354,Fair
3355,Fair
3356,Fair
3357,Fair
3358,Fair
3359,Fair
3360,Fair
3361,Fair
3362,Fair
3363,Fair
3364,Fair
3365,Fair
3366,Fair
3367,Fair
3368,Fair
3369,Fair
3370,Fair
3371,Fair
3372,Fair
3373,Fair
3374,Fair
3375,Fair
3376,Fair
3377,Fair
3378,Fair
3379,Fair
3380,Fair
3381,Fair
3382,Fair
3383,Fair
3384,Fair
3385,Fair
3386,Fair
3387,Fair
3388,Fair
3389,Fair
3390,Fair
3391,Fair
3392,Fair
3393,Fair
3394,Fair
3395,Fair
3396,Fair
3397,Fair
3398,Fair
3399,Fair
3400,Fair
3401,Fair
3402,Fair
3403,Fair
3404,Fair
3405,Fair
3406,Fair
3407,Fair
3408,Fair
3409,Fair
3410,Fair
3411,Fair
3412,Fair
3413,Fair
3414,Fair
3415,Fair
3416,Fair
3417,Fair
3418,Fair
3419,Fair
3420,Fair
3421,Fair
3422,Fair
3423,Fair
3424,Fair
3425,Fair
3426,Fair
3427,Fair
3428,Fair
3429,Fair
3430,Fair
3431,Fair
3432,Fair
3433,Fair
3434,Fair
3435,Fair
3436,Fair
3437,Fair
3438,Fair
3439,Fair
3440,Fair
3441,Fair
3442,Fair
3443,Fair
3444,Fair
3445,Fair
3446,Fair
3447,Fair
3448,Fair
3449,Fair
3450,Fair
3451,Fair
3452,Fair
3453,Fair
3454,Fair
3455,Fair
3456,Fair
3457,Fair
3458,Fair
3459,Fair
3460,Fair
3461,Fair
3462,Fair
3463,Fair
3464,Fair
3465,Fair
3466,Fair
3467,Fair
3468,Fair
3469,Fair
3470,Fair
3471,Fair
3472,Fair
3473,Fair
3474,Fair
3475,Fair
3476,Fair
3477,Fair
3478,Fair
3479,Fair
3480,Fair
3481,Fair
3482,Fair
3483,Fair
3484,Fair
3485,Fair
3486,Fair
3487,Fair
3488,Fair
3489,Fair
3490,Fair
3491,Fair
3492,Fair
3493,Fair
3494,Fair
3495,Fair
3496,Fair
3497,Fair
3498,Fair
3499,Fair
3500,Fair
3501,Fair
3502,Fair
3503,Fair
3504,Fair
3505,Fair
3506,Fair
3507,Fair
3508,Fair
3509,Fair
3510,Fair
3511,Fair
3512,Fair
3513,Fair
3514,Fair
3515,Fair
3516,Fair
3517,Fair
3518,Fair
3519,Fair
3520,Fair
3521,Fair
3522,Fair
3523,Fair
3524,Fair
3525,Fair
3526,Fair
3527,Fair
3528,Fair
3529,Fair
3530,Fair
3531,Fair
3532,Fair
3533,Fair
3534,Fair
3535,Fair
3536,Fair
3537,Fair
3538,Fair
3539,Fair
3540,Fair
3541,Fair
3542,Fair
3543,Fair
3544,Fair
3545,Fair
3546,Fair
3547,Fair
3548,Fair
3549,Fair
3550,Fair
3551,Fair
3552,Fair
3553,Fair
3554,Fair
3555,Fair
3556,Fair
3557,Fair
3558,Fair
3559,Fair
3560,Fair
3561,Fair
3562,Fair
3563,Fair
3564,Fair
3565,Fair
3566,Fair
3567,Fair
3568,Fair
3569,Fair
3570,Fair
3571,Fair
3572,Fair
3573,Fair
3574,Fair
3575,Fair
3576,Fair
3577,Fair
3578,Fair
3579,Fair
3580,Fair
3581,Fair
3582,Fair
3583,Fair
3584,Fair
3585,Fair
3586,Fair
3587,Fair
3588,Fair
3589,Fair
3590,Fair
3591,Fair
3592,Fair
3593,Fair
3594,Fair
3595,Fair
3596,Fair
3597,Fair
3598,Fair
3599,Fair
3600,Fair
3601,Fair
3602,Fair
3603,Fair
3604,Fair
3605,Fair
3606,Fair
3607,Fair
3608,Fair
3609,Fair
3610,Fair
3611,Fair
3612,Fair
3613,Fair
3614,Fair
3615,Fair
3616,Fair
3617,Fair
3618,Fair
3619,Fair
3620,Fair
3621,Fair
3622,Fair
3623,Fair
3624,Fair
3625,Fair
3626,Fair
3627,Fair
3628,Fair
3629,Fair
3630,Fair
3631,Fair
3632,Fair
3633,Fair
3634,Fair
3635,Fair
3636,Fair
3637,Fair
3638,Fair
3639,Fair
3640,Fair
3641,Fair
3642,Fair
3643,Fair
3644,Fair
3645,Fair
3646,Fair
3647,Fair
3648,Fair
3649,Fair
3650,Fair
3651,Fair
3652,Fair
3653,Fair
3654,Fair
3655,Fair
3656,Fair
3657,Fair
3658,Fair
3659,Fair
3660,Fair
3661,Fair
3662,Fair
3663,Fair
3664,Fair
3665,Fair
3666,Fair
3667,Fair
3668,Fair
3669,Fair
3670,Fair
3671,Fair
3672,Fair
3673,Fair
3674,Fair
3675,Fair
3676,Fair
3677,Fair
3678,Fair
3679,Fair
3680,Fair
3681,Fair
3682,Fair
3683,Fair
3684,Fair
3685,Fair
3686,Fair
3687,Fair
3688,Fair
3689,Fair
3690,Fair
3691,Fair
3692,Fair
3693,Fair
3694,Fair
3695,Fair
3696,Fair
3697,Fair
3698,Fair
3699,Fair
3700,Fair
3701,Fair
3702,Fair
3703,Fair
3704,Fair
3705,Fair
3706,Fair
3707,Fair
3708,Fair
3709,Fair
3710,Fair
3711,Fair
3712,Fair
3713,Fair
3714,Fair
3715,Fair
3716,Fair
3717,Fair
3718,Fair
3719,Fair
3720,Fair
3721,Fair
3722,Fair
3723,Fair
3724,Fair
3725,Fair
3726,Fair
3727,Fair
3728,Fair
3729,Fair
3730,Fair
3731,Fair
3732,Fair
3733,Fair
3734,Fair
3735,Fair
3736,Fair
3737,Fair
3738,Fair
3739,Fair
3740,Fair
3741,Fair
3742,Fair
3743,Fair
3744,Fair
3745,Fair
3746,Fair
3747,Fair
3748,Fair
3749,Fair
3750,Fair
3751,Fair
3752,Fair
3753,Fair
3754,Fair
3755,Fair
3756,Fair
3757,Fair
3758,Fair
3759,Fair
3760,Fair
3761,Fair
3762,Fair
3763,Fair
3764,Fair
3765,Fair
3766,Fair
3767,Fair
3768,Fair
3769,Fair
3770,Fair
3771,Fair
3772,Fair
3773,Fair
3774,Fair
3775,Fair
3776,Fair
3777,Fair
3778,Fair
3779,Fair
3780,Fair
3781,Fair
3782,Fair
3783,Fair
3784,Fair
3785,Fair
3786,Fair
3787,Fair
3788,Fair
3789,Fair
3790,Fair
3791,Fair
3792,Fair
3793,Fair
3794,Fair
3795,Fair
3796,Fair
3797,Fair
3798,Fair
3799,Fair
3800,Fair
3801,Fair
3802,Fair
3803,Fair
3804,Fair
3805,Fair
3806,Fair
3807,Fair
3808,Fair
3809,Fair
3810,Fair
3811,Fair
3812,Fair
3813,Fair
3814,Fair
3815,Fair
3816,Fair
3817,Fair
3818,Fair
3819,Fair
3820,Fair
3821,Fair
3822,Fair
3823,Fair
3824,Fair
3825,Fair
3826,Fair
3827,Fair
3828,Fair
3829,Fair
3830,Fair
3831,Fair
3832,Fair
3833,Fair
3834,Fair
3835,Fair
3836,Fair
3837,Fair
3838,Fair
3839,Fair
3840,Fair
3841,Fair
3842,Fair
3843,Fair
3844,Fair
3845,Fair
3846,Fair
3847,Fair
3848,Fair
3849,Fair
3850,Fair
3851,Fair
3852,Fair
3853,Fair
3854,Fair
3855,Fair
3856,Fair
3857,Fair
3858,Fair
3859,Fair
3860,Fair
3861,Fair
3862,Fair
3863,Fair
3864,Fair
3865,Fair
3866,Fair
3867,Fair
3868,Fair
3869,Fair
3870,Fair
3871,Fair
3872,Fair
3873,Fair
3874,Fair
3875,Fair
3876,Fair
3877,Fair
3878,Fair
3879,Fair
3880,Fair
3881,Fair
3882,Fair
3883,Fair
3884,Fair
3885,Fair
3886,Fair
3887,Fair
3888,Fair
3889,Fair
3890,Fair
3891,Fair
3892,Fair
3893,Fair
3894,Fair
3895,Fair
3896,Fair
3897,Fair
3898,Fair
3899,Fair
3900,Fair
3901,Fair
3902,Fair
3903,Fair
3904,Fair
3905,Fair
3906,Fair
3907,Fair
3908,Fair
3909,Fair
3910,Fair
3911,Fair
3912,Fair
3913,Fair
3914,Fair
3915,Fair
3916,Fair
3917,Fair
3918,Fair
3919,Fair
3920,Fair
3921,Fair
3922,Fair
3923,Fair
3924,Fair
3925,Fair
3926,Fair
3927,Fair
3928,Fair
3929,Fair
3930,Fair
3931,Fair
3932,Fair
3933,Fair
3934,Fair
3935,Fair
3936,Fair
3937,Fair
3938,Fair
3939,Fair
3940,Fair
3941,Fair
3942,Fair
3943,Fair
3944,Fair
3945,Fair
3946,Fair
3947,Fair
3948,Fair
3949,Fair
3950,Fair
3951,Fair
3952,Fair
3953,Fair
3954,Fair
3955,Fair
3956,Fair
3957,Fair
3958,Fair
3959,Fair
3960,Fair
3961,Fair
3962,Fair
3963,Fair
3964,Fair
3965,Fair
3966,Fair
3967,Fair
3968,Fair
3969,Fair
3970,Fair
3971,Fair
3972,Fair
3973,Fair
3974,Fair
3975,Fair
3976,Fair
3977,Fair
3978,Fair
3979,Fair
3980,Fair
3981,Fair
3982,Fair
3983,Fair
3984,Fair
3985,Fair
3986,Fair
3987,Fair
3988,Fair
3989,Fair
3990,Fair
3991,Fair
3992,Fair
3993,Fair
3994,Fair
3995,Fair
3996,Fair
3997,Fair
3998,Fair
3999,Fair
4000,Fair
4001,Fair
4002,Fair
4003,Fair
4004,Fair
4005,Fair
4006,Fair
4007,Fair
4008,Fair
4009,Fair
4010,Fair
4011,Fair
4012,Fair
4013,Fair
4014,Fair
4015,Fair
4016,Fair
4017,Fair
4018,Fair
4019,Fair
4020,Fair
4021,Fair
4022,Fair
4023,Fair
4024,Fair
4025,Fair
4026,Fair
4027,Fair
4028,Fair
4029,Fair
4030,Fair
4031,Fair
4032,Fair
4033,Fair
4034,Fair
4035,Fair
4036,Fair
4037,Fair
4038,Fair
4039,Fair
4040,Fair
4041,Fair
4042,Fair
4043,Fair
4044,Fair
4045,Fair
4046,Fair
4047,Fair
4048,Fair
4049,Fair
4050,Fair
4051,Fair
4052,Fair
4053,Fair
4054,Fair
4055,Fair
4056,Fair
4057,Fair
4058,Fair
4059,Fair
4060,Fair
4061,Fair
4062,Fair
4063,Fair
4064,Fair
4065,Fair
4066,Fair
4067,Fair
4068,Fair
4069,Fair
4070,Fair
4071,Fair
4072,Fair
4073,Fair
4074,Fair
4075,Fair
4076,Fair
4077,Fair
4078,Fair
4079,Fair
4080,Fair
4081,Fair
4082,Fair
4083,Fair
4084,Fair
4085,Fair
4086,Fair
4087,Fair
4088,Fair
4089,Fair
4090,Fair
4091,Fair
4092,Fair
4093,Fair
4094,Fair
4095,Fair
4096,Fair
4097,Fair
4098,Fair
4099,Fair
4100,Fair
4101,Fair
4102,Fair
4103,Fair
4104,Fair
4105,Fair
4106,Fair
4107,Fair
4108,Fair
4109,Fair
4110,Fair
4111,Fair
4112,Fair
4113,Fair
4114,Fair
4115,Fair
4116,Fair
4117,Fair
4118,Fair
4119,Fair
4120,Fair
4121,Fair
4122,Fair
4123,Fair
4124,Fair
4125,Fair
4126,Fair
4127,Fair
4128,Fair
4129,Fair
4130,Fair
4131,Fair
4132,Fair
4133,Fair
4134,Fair
4135,Fair
4136,Fair
4137,Fair
4138,Fair
4139,Fair
4140,Fair
4141,Fair
4142,Fair
4143,Fair
4144,Fair
4145,Fair
4146,Fair
4147,Fair
4148,Fair
4149,Fair
4150,Fair
4151,Fair
4152,Fair
4153,Fair
4154,Fair
4155,Fair
4156,Fair
4157,Fair
4158,Fair
4159,Fair
4160,Fair
4161,Fair
4162,Fair
4163,Fair
4164,Fair
4165,Fair
4166,Fair
4167,Fair
4168,Fair
4169,Fair
4170,Fair
4171,Fair
4172,Fair
4173,Fair
4174,Fair
4175,Fair
4176,Fair
4177,Fair
4178,Fair
4179,Fair
4180,Fair
4181,Fair
4182,Fair
4183,Fair
4184,Fair
4185,Fair
4186,Fair
4187,Fair
4188,Fair
4189,Fair
4190,Fair
4191,Fair
4192,Fair
4193,Fair
4194,Fair
4195,Fair
4196,Fair
4197,Fair
4198,Fair
4199,Fair
4200,Fair
4201,Fair
4202,Fair
4203,Fair
4204,Fair
4205,Fair
4206,Fair
4207,Fair
4208,Fair
4209,Fair
4210,Fair
4211,Fair
4212,Fair
4213,Fair
4214,Fair
4215,Fair
4216,Fair
4217,Fair
4218,Fair
4219,Fair
4220,Fair
4221,Fair
4222,Fair
4223,Fair
4224,Fair
4225,Fair
4226,Fair
4227,Fair
4228,Fair
4229,Fair
4230,Fair
4231,Fair
4232,Fair
4233,Fair
4234,Fair
4235,Fair
4236,Fair
4237,Fair
4238,Fair
4239,Fair
4240,Fair
4241,Fair
4242,Fair
4243,Fair
4244,Fair
4245,Fair
4246,Fair
4247,Fair
4248,Fair
4249,Fair
4250,Fair
4251,Fair
4252,Fair
4253,Fair
4254,Fair
4255,Fair
4256,Fair
4257,Fair
4258,Fair
4259,Fair
4260,Fair
4261,Fair
4262,Fair
4263,Fair
4264,Fair
4265,Fair
4266,Fair
4267,Fair
4268,Fair
4269,Fair
4270,Fair
4271,Fair
4272,Fair
4273,Fair
4274,Fair
4275,Fair
4276,Fair
4277,Fair
4278,Fair
4279,Fair
4280,Fair
4281,Fair
4282,Fair
4283,Fair
4284,Fair
4285,Fair
4286,Fair
4287,Fair
4288,Fair
4289,Fair
4290,Fair
4291,Fair
4292,Fair
4293,Fair
4294,Fair
4295,Fair
4296,Fair
4297,Fair
4298,Fair
4299,Fair
4300,Fair
4301,Fair
4302,Fair
4303,Fair
4304,Fair
4305,Fair
4306,Fair
4307,Fair
4308,Fair
4309,Fair
4310,Fair
4311,Fair
4312,Fair
4313,Fair
4314,Fair
4315,Fair
4316,Fair
4317,Fair
4318,Fair
4319,Fair
4320,Fair
4321,Fair
4322,Fair
4323,Fair
4324,Fair
4325,Fair
4326,Fair
4327,Fair
4328,Fair
4329,Fair
4330,Fair
4331,Fair
4332,Fair
4333,Fair
4334,Fair
4335,Fair
4336,Fair
4337,Fair
4338,Fair
4339,Fair
4340,Fair
4341,Fair
4342,Fair
4343,Fair
4344,Fair
4345,Fair
4346,Fair
4347,Fair
4348,Fair
4349,Fair
4350,Fair
4351,Fair
4352,Fair
4353,Fair
4354,Fair
4355,Fair
4356,Fair
4357,Fair
4358,Fair
4359,Fair
4360,Fair
4361,Fair
4362,Fair
4363,Fair
4364,Fair
4365,Fair
4366,Fair
4367,Fair
4368,Fair
4369,Fair
4370,Fair
4371,Fair
4372,Fair
4373,Fair
4374,Fair
4375,Fair
4376,Fair
4377,Fair
4378,Fair
4379,Fair
4380,Fair
4381,Fair
4382,Fair
4383,Fair
4384,Fair
4385,Fair
4386,Fair
4387,Fair
4388,Fair
4389,Fair
4390,Fair
4391,Fair
4392,Fair
4393,Fair
4394,Fair
4395,Fair
4396,Fair
4397,Fair
4398,Fair
4399,Fair
4400,Fair
4401,Fair
4402,Fair
4403,Fair
4404,Fair
4405,Fair
4406,Fair
4407,Fair
4408,Fair
4409,Fair
4410,Fair
4411,Fair
4412,Fair
4413,Fair
4414,Fair
4415,Fair
4416,Fair
4417,Fair
4418,Fair
4419,Fair
4420,Fair
4421,Fair
4422,Fair
4423,Fair
4424,Fair
4425,Fair
4426,Fair
4427,Fair
4428,Fair
4429,Fair
4430,Fair
4431,Fair
4432,Fair
4433,Fair
4434,Fair
4435,Fair
4436,Fair
4437,Fair
4438,Fair
4439,Fair
4440,Fair
4441,Fair
4442,Fair
4443,Fair
4444,Fair
4445,Fair
4446,Fair
4447,Fair
4448,Fair
4449,Fair
4450,Fair
4451,Fair
4452,Fair
4453,Fair
4454,Fair
4455,Fair
4456,Fair
4457,Fair
4458,Fair
4459,Fair
4460,Fair
4461,Fair
4462,Fair
4463,Fair
4464,Fair
4465,Fair
4466,Fair
4467,Fair
4468,Fair
4469,Fair
4470,Fair
4471,Fair
4472,Fair
4473,Fair
4474,Fair
4475,Fair
4476,Fair
4477,Fair
4478,Fair
4479,Fair
4480,Fair
4481,Fair
4482,Fair
4483,Fair
4484,Fair
4485,Fair
4486,Fair
4487,Fair
4488,Fair
4489,Fair
4490,Fair
4491,Fair
4492,Fair
4493,Fair
4494,Fair
4495,Fair
4496,Fair
4497,Fair
4498,Fair
4499,Fair
4500,Fair
4501,Fair
4502,Fair
4503,Fair
4504,Fair
4505,Fair
4506,Fair
4507,Fair
4508,Fair
4509,Fair
4510,Fair
4511,Fair
4512,Fair
4513,Fair
4514,Fair
4515,Fair
4516,Fair
4517,Fair
4518,Fair
4519,Fair
4520,Fair
4521,Fair
4522,Fair
4523,Fair
4524,Fair
4525,Fair
4526,Fair
4527,Fair
4528,Fair
4529,Fair
4530,Fair
4531,Fair
4532,Fair
4533,Fair
4534,Fair
4535,Fair
4536,Fair
4537,Fair
4538,Fair
4539,Fair
4540,Fair
4541,Fair
4542,Fair
4543,Fair
4544,Fair
4545,Fair
4546,Fair
4547,Fair
4548,Fair
4549,Fair
4550,Fair
4551,Fair
4552,Fair
4553,Fair
4554,Fair
4555,Fair
4556,Fair
4557,Fair
4558,Fair
4559,Fair
4560,Fair
4561,Fair
4562,Fair
4563,Fair
4564,Fair
4565,Fair
4566,Fair
4567,Fair
4568,Fair
4569,Fair
4570,Fair
4571,Fair
4572,Fair
4573,Fair
4574,Fair
4575,Fair
4576,Fair
4577,Fair
4578,Fair
4579,Fair
4580,Fair
4581,Fair
4582,Fair
4583,Fair
4584,Fair
4585,Fair
4586,Fair
4587,Fair
4588,Fair
4589,Fair
4590,Fair
4591,Fair
4592,Fair
4593,Fair
4594,Fair
4595,Fair
4596,Fair
4597,Fair
4598,Fair
4599,Fair
4600,Fair
4601,Fair
4602,Fair
4603,Fair
4604,Fair
4605,Fair
4606,Fair
4607,Fair
4608,Fair
4609,Fair
4610,Fair
4611,Fair
4612,Fair
4613,Fair
4614,Fair
4615,Fair
4616,Fair
4617,Fair
4618,Fair
4619,Fair
4620,Fair
4621,Fair
4622,Fair
4623,Fair
4624,Fair
4625,Fair
4626,Fair
4627,Fair
4628,Fair
4629,Fair
4630,Fair
4631,Fair
4632,Fair
4633,Fair
4634,Fair
4635,Fair
4636,Fair
4637,Fair
4638,Fair
4639,Fair
4640,Fair
4641,Fair
4642,Fair
4643,Fair
4644,Fair
4645,Fair
4646,Fair
4647,Fair
4648,Fair
4649,Fair
4650,Fair
4651,Fair
4652,Fair
4653,Fair
4654,Fair
4655,Fair
4656,Fair
4657,Fair
4658,Fair
4659,Fair
4660,Fair
4661,Fair
4662,Fair
4663,Fair
4664,Fair
4665,Fair
4666,Fair
4667,Fair
4668,Fair
4669,Fair
4670,Fair
4671,Fair
4672,Fair
4673,Fair
4674,Fair
4675,Fair
4676,Fair
4677,Fair
4678,Fair
4679,Fair
4680,Fair
4681,Fair
4682,Fair
4683,Fair
4684,Fair
4685,Fair
4686,Fair
4687,Fair
4688,Fair
4689,Fair
4690,Fair
4691,Fair
4692,Fair
4693,Fair
4694,Fair
4695,Fair
4696,Fair
4697,Fair
4698,Fair
4699,Fair
4700,Fair
4701,Fair
4702,Fair
4703,Fair
4704,Fair
4705,Fair
4706,Fair
4707,Fair
4708,Fair
4709,Fair
4710,Fair
4711,Fair
4712,Fair
4713,Fair
4714,Fair
4715,Fair
4716,Fair
4717,Fair
4718,Fair
4719,Fair
4720,Fair
4721,Fair
4722,Fair
4723,Fair
4724,Fair
4725,Fair
4726,Fair
4727,Fair
4728,Fair
4729,Fair
4730,Fair
4731,Fair
4732,Fair
4733,Fair
4734,Fair
4735,Fair
4736,Fair
4737,Fair
4738,Fair
4739,Fair
4740,Fair
4741,Fair
4742,Fair
4743,Fair
4744,Fair
4745,Fair
4746,Fair
4747,Fair
4748,Fair
4749,Fair
4750,Fair
4751,Fair
4752,Fair
4753,Fair
4754,Fair
4755,Fair
4756,Fair
4757,Fair
4758,Fair
4759,Fair
4760,Fair
4761,Fair
4762,Fair
4763,Fair
4764,Fair
4765,Fair
4766,Fair
4767,Fair
4768,Fair
4769,Fair
4770,Fair
4771,Fair
4772,Fair
4773,Fair
4774,Fair
4775,Fair
4776,Fair
4777,Fair
4778,Fair
4779,Fair
4780,Fair
4781,Fair
4782,Fair
4783,Fair
4784,Fair
4785,Fair
4786,Fair
4787,Fair
4788,Fair
4789,Fair
4790,Fair
4791,Fair
4792,Fair
4793,Fair
4794,Fair
4795,Fair
4796,Fair
4797,Fair
4798,Fair
4799,Fair
4800,Fair
4801,Fair
4802,Fair
4803,Fair
4804,Fair
4805,Fair
4806,Fair
4807,Fair
4808,Fair
4809,Fair
4810,Fair
4811,Fair
4812,Fair
4813,Fair
4814,Fair
4815,Fair
4816,Fair
4817,Fair
4818,Fair
4819,Fair
4820,Fair
4821,Fair
4822,Fair
4823,Fair
4824,Fair
4825,Fair
4826,Fair
4827,Fair
4828,Fair
4829,Fair
4830,Fair
4831,Fair
4832,Fair
4833,Fair
4834,Fair
4835,Fair
4836,Fair
4837,Fair
4838,Fair
4839,Fair
4840,Fair
4841,Fair
4842,Fair
4843,Fair
4844,Fair
4845,Fair
4846,Fair
4847,Fair
4848,Fair
4849,Fair
4850,Fair
4851,Fair
4852,Fair
4853,Fair
4854,Fair
4855,Fair
4856,Fair
4857,Fair
4858,Fair
4859,Fair
4860,Fair
4861,Fair
4862,Fair
4863,Fair
4864,Fair
4865,Fair
4866,Fair
4867,Fair
4868,Fair
4869,Fair
4870,Fair
4871,Fair
4872,Fair
4873,Fair
4874,Fair
4875,Fair
4876,Fair
4877,Fair
4878,Fair
4879,Fair
4880,Fair
4881,Fair
4882,Fair
4883,Fair
4884,Fair
4885,Fair
4886,Fair
4887,Fair
4888,Fair
4889,Fair
4890,Fair
4891,Fair
4892,Fair
4893,Fair
4894,Fair
4895,Fair
4896,Fair
4897,Fair
4898,Fair
4899,Fair
4900,Fair
4901,Fair
4902,Fair
4903,Fair
4904,Fair
4905,Fair
4906,Fair
4907,Fair
4908,Fair
4909,Fair
4910,Fair
4911,Fair
4912,Fair
4913,Fair
4914,Fair
4915,Fair
4916,Fair
4917,Fair
4918,Fair
4919,Fair
4920,Fair
4921,Fair
4922,Fair
4923,Fair
4924,Fair
4925,Fair
4926,Fair
4927,Fair
4928,Fair
4929,Fair
4930,Fair
4931,Fair
4932,Fair
4933,Fair
4934,Fair
4935,Fair
4936,Fair
4937,Fair
4938,Fair
4939,Fair
4940,Fair
4941,Fair
4942,Fair
4943,Fair
4944,Fair
4945,Fair
4946,Fair
4947,Fair
4948,Fair
4949,Fair
4950,Fair
4951,Fair
4952,Fair
4953,Fair
4954,Fair
4955,Fair
4956,Fair
4957,Fair
4958,Fair
4959,Fair
4960,Fair
4961,Fair
4962,Fair
4963,Fair
4964,Fair
4965,Fair
4966,Fair
4967,Fair
4968,Fair
4969,Fair
4970,Fair
4971,Fair
4972,Fair
4973,Fair
4974,Fair
4975,Fair
4976,Fair
4977,Fair
4978,Fair
4979,Fair
4980,Fair
4981,Fair
4982,Fair
4983,Fair
4984,Fair
4985,Fair
4986,Fair
4987,Fair
4988,Fair
4989,Fair
4990,Fair
4991,Fair
4992,Fair
4993,Fair
4994,Fair
4995,Fair
4996,Fair
4997,Fair
4998,Fair
4999,Fair
5000,Fair
5001,Fair
5002,Fair
5003,Fair
5004,Fair
5005,Fair
5006,Fair
5007,Fair
5008,Fair
5009,Fair
5010,Fair
5011,Fair
5012,Fair
5013,Fair
5014,Fair
5015,Fair
5016,Fair
5017,Fair
5018,Fair
5019,Fair
5020,Fair
5021,Fair
5022,Fair
5023,Fair
5024,Fair
5025,Fair
5026,Fair
5027,Fair
5028,Fair
5029,Fair
5030,Fair
5031,Fair
5032,Fair
5033,Fair
5034,Fair
5035,Fair
5036,Fair
5037,Fair
5038,Fair
5039,Fair
5040,Fair
5041,Fair
5042,Fair
5043,Fair
5044,Fair
5045,Fair
5046,Fair
5047,Fair
5048,Fair
5049,Fair
5050,Fair
5051,Fair
5052,Fair
5053,Fair
5054,Fair
5055,Fair
5056,Fair
5057,Fair
5058,Fair
5059,Fair
5060,Fair
5061,Fair
5062,Fair
5063,Fair
5064,Fair
5065,Fair
5066,Fair
5067,Fair
5068,Fair
5069,Fair
5070,Fair
5071,Fair
5072,Fair
5073,Fair
5074,Fair
5075,Fair
5076,Fair
5077,Fair
5078,Fair
5079,Fair
5080,Fair
5081,Fair
5082,Fair
5083,Fair
5084,Fair
5085,Fair
5086,Fair
5087,Fair
5088,Fair
5089,Fair
5090,Fair
5091,Fair
5092,Fair
5093,Fair
5094,Fair
5095,Fair
5096,Fair
5097,Fair
5098,Fair
5099,Fair
5100,Fair
5101,Fair
5102,Fair
5103,Fair
5104,Fair
5105,Fair
5106,Fair
5107,Fair
5108,Fair
5109,Fair
5110,Fair
5111,Fair
5112,Fair
5113,Fair
5114,Fair
5115,Fair
5116,Fair
5117,Fair
5118,Fair
5119,Fair
5120,Fair
5121,Fair
5122,Fair
5123,Fair
5124,Fair
5125,Fair
5126,Fair
5127,Fair
5128,Fair
5129,Fair
5130,Fair
5131,Fair
5132,Fair
5133,Fair
5134,Fair
5135,Fair
5136,Fair
5137,Fair
5138,Fair
5139,Fair
5140,Fair
5141,Fair
5142,Fair
5143,Fair
5144,Fair
5145,Fair
5146,Fair
5147,Fair
5148,Fair
5149,Fair
5150,Fair
5151,Fair
5152,Fair
5153,Fair
5154,Fair
5155,Fair
5156,Fair
5157,Fair
5158,Fair
5159,Fair
5160,Fair
5161,Fair
5162,Fair
5163,Fair
5164,Fair
5165,Fair
5166,Fair
5167,Fair
5168,Fair
5169,Fair
5170,Fair
5171,Fair
5172,Fair
5173,Fair
5174,Fair
5175,Fair
5176,Fair
5177,Fair
5178,Fair
5179,Fair
5180,Fair
5181,Fair
5182,Fair
5183,Fair
5184,Fair
5185,Fair
5186,Fair
5187,Fair
5188,Fair
5189,Fair
5190,Fair
5191,Fair
5192,Fair
5193,Fair
5194,Fair
5195,Fair
5196,Fair
5197,Fair
5198,Fair
5199,Fair
5200,Fair
5201,Fair
5202,Fair
5203,Fair
5204,Fair
5205,Fair
5206,Fair
5207,Fair
5208,Fair
5209,Fair
5210,Fair
5211,Fair
5212,Fair
5213,Fair
5214,Fair
5215,Fair
5216,Fair
5217,Fair
5218,Fair
5219,Fair
5220,Fair
5221,Fair
5222,Fair
5223,Fair
5224,Fair
5225,Fair
5226,Fair
5227,Fair
5228,Fair
5229,Fair
5230,Fair
5231,Fair
5232,Fair
5233,Fair
5234,Fair
5235,Fair
5236,Fair
5237,Fair
5238,Fair
5239,Fair
5240,Fair
5241,Fair
5242,Fair
5243,Fair
5244,Fair
5245,Fair
5246,Fair
5247,Fair
5248,Fair
5249,Fair
5250,Fair
5251,Fair
5252,Fair
5253,Fair
5254,Fair
5255,Fair
5256,Fair
5257,Fair
5258,Fair
5259,Fair
5260,Fair
5261,Fair
5262,Fair
5263,Fair
5264,Fair
5265,Fair
5266,Fair
5267,Fair
5268,Fair
5269,Fair
5270,Fair
5271,Fair
5272,Fair
5273,Fair
5274,Fair
5275,Fair
5276,Fair
5277,Fair
5278,Fair
5279,Fair
5280,Fair
5281,Fair
5282,Fair
5283,Fair
5284,Fair
5285,Fair
5286,Fair
5287,Fair
5288,Fair
5289,Fair
5290,Fair
5291,Fair
5292,Fair
5293,Fair
5294,Fair
5295,Fair
5296,Fair
5297,Fair
5298,Fair
5299,Fair
5300,Fair
5301,Fair
5302,Fair
5303,Fair
5304,Fair
5305,Fair
5306,Fair
5307,Fair
5308,Fair
5309,Fair
5310,Fair
5311,Fair
5312,Fair
5313,Fair
5314,Fair
5315,Fair
5316,Fair
5317,Fair
5318,Fair
5319,Fair
5320,Fair
5321,Fair
5322,Fair
5323,Fair
5324,Fair
5325,Fair
5326,Fair
5327,Fair
5328,Fair
5329,Fair
5330,Fair
5331,Fair
5332,Fair
5333,Fair
5334,Fair
5335,Fair
5336,Fair
5337,Fair
5338,Fair
5339,Fair
5340,Fair
5341,Fair
5342,Fair
5343,Fair
5344,Fair
5345,Fair
5346,Fair
5347,Fair
5348,Fair
5349,Fair
5350,Fair
5351,Fair
5352,Fair
5353,Fair
5354,Fair
5355,Fair
5356,Fair
5357,Fair
5358,Fair
5359,Fair
5360,Fair
5361,Fair
5362,Fair
5363,Fair
5364,Fair
5365,Fair
5366,Fair
5367,Fair
5368,Fair
5369,Fair
5370,Fair
5371,Fair
5372,Fair
5373,Fair
5374,Fair
5375,Fair
5376,Fair
5377,Fair
5378,Fair
5379,Fair
5380,Fair
5381,Fair
5382,Fair
5383,Fair
5384,Fair
5385,Fair
5386,Fair
5387,Fair
5388,Fair
5389,Fair
5390,Fair
5391,Fair
5392,Fair
5393,Fair
5394,Fair
5395,Fair
5396,Fair
5397,Fair
5398,Fair
5399,Fair
5400,Fair
5401,Fair
5402,Fair
5403,Fair
5404,Fair
5405,Fair
5406,Fair
5407,Fair
5408,Fair
5409,Fair
5410,Fair
5411,Fair
5412,Fair
5413,Fair
5414,Fair
5415,Fair
5416,Fair
5417,Fair
5418,Fair
5419,Fair
5420,Fair
5421,Fair
5422,Fair
5423,Fair
5424,Fair
5425,Fair
5426,Fair
5427,Fair
5428,Fair
5429,Fair
5430,Fair
5431,Fair
5432,Fair
5433,Fair
5434,Fair
5435,Fair
5436,Fair
5437,Fair
5438,Fair
5439,Fair
5440,Fair
5441,Fair
5442,Fair
5443,Fair
5444,Fair
5445,Fair
5446,Fair
5447,Fair
5448,Fair
5449,Fair
5450,Fair
5451,Fair
5452,Fair
5453,Fair
5454,Fair
5455,Fair
5456,Fair
5457,Fair
5458,Fair
5459,Fair
5460,Fair
5461,Fair
5462,Fair
5463,Fair
5464,Fair
5465,Fair
5466,Fair
5467,Fair
5468,Fair
5469,Fair
5470,Fair
5471,Fair
5472,Fair
5473,Fair
5474,Fair
5475,Fair
5476,Fair
5477,Fair
5478,Fair
5479,Fair
5480,Fair
5481,Fair
5482,Fair
5483,Fair
5484,Fair
5485,Fair
5486,Fair
5487,Fair
5488,Fair
5489,Fair
5490,Fair
5491,Fair
5492,Fair
5493,Fair
5494,Fair
5495,Fair
5496,Fair
5497,Fair
5498,Fair
5499,Fair
5500,Fair
5501,Fair
5502,Fair
5503,Fair
5504,Fair
5505,Fair
5506,Fair
5507,Fair
5508,Fair
5509,Fair
5510,Fair
5511,Fair
5512,Fair
5513,Fair
5514,Fair
5515,Fair
5516,Fair
5517,Fair
5518,Fair
5519,Fair
5520,Fair
5521,Fair
5522,Fair
5523,Fair
5524,Fair
5525,Fair
5526,Fair
5527,Fair
5528,Fair
5529,Fair
5530,Fair
5531,Fair
5532,Fair
5533,Fair
5534,Fair
5535,Fair
5536,Fair
5537,Fair
5538,Fair
5539,Fair
5540,Fair
5541,Fair
5542,Fair
5543,Fair
5544,Fair
5545,Fair
5546,Fair
5547,Fair
5548,Fair
5549,Fair
5550,Fair
5551,Fair
5552,Fair
5553,Fair
5554,Fair
5555,Fair
5556,Fair
5557,Fair
5558,Fair
5559,Fair
5560,Fair
5561,Fair
5562,Fair
5563,Fair
5564,Fair
5565,Fair
5566,Fair
5567,Fair
5568,Fair
5569,Fair
5570,Fair
5571,Fair
5572,Fair
5573,Fair
5574,Fair
5575,Fair
5576,Fair
5577,Fair
5578,Fair
5579,Fair
5580,Fair
5581,Fair
5582,Fair
5583,Fair
5584,Fair
5585,Fair
5586,Fair
5587,Fair
5588,Fair
5589,Fair
5590,Fair
5591,Fair
5592,Fair
5593,Fair
5594,Fair
5595,Fair
5596,Fair
5597,Fair
5598,Fair
5599,Fair
5600,Fair
5601,Fair
5602,Fair
5603,Fair
5604,Fair
5605,Fair
5606,Fair
5607,Fair
5608,Fair
5609,Fair
5610,Fair
5611,Fair
5612,Fair
5613,Fair
5614,Fair
5615,Fair
5616,Fair
5617,Fair
5618,Fair
5619,Fair
5620,Fair
5621,Fair
5622,Fair
5623,Fair
5624,Fair
5625,Fair
5626,Fair
5627,Fair
5628,Fair
5629,Fair
5630,Fair
5631,Fair
5632,Fair
5633,Fair
5634,Fair
5635,Fair
5636,Fair
5637,Fair
5638,Fair
5639,Fair
5640,Fair
5641,Fair
5642,Fair
5643,Fair
5644,Fair
5645,Fair
5646,Fair
5647,Fair
5648,Fair
5649,Fair
5650,Fair
5651,Fair
5652,Fair
5653,Fair
5654,Fair
5655,Fair
5656,Fair
5657,Fair
5658,Fair
5659,Fair
5660,Fair
5661,Fair
5662,Fair
5663,Fair
5664,Fair
5665,Fair
5666,Fair
5667,Fair
5668,Fair
5669,Fair
5670,Fair
5671,Fair
5672,Fair
5673,Fair
5674,Fair
5675,Fair
5676,Fair
5677,Fair
5678,Fair
5679,Fair
5680,Fair
5681,Fair
5682,Fair
5683,Fair
5684,Fair
5685,Fair
5686,Fair
5687,Fair
5688,Fair
5689,Fair
5690,Fair
5691,Fair
5692,Fair
5693,Fair
5694,Fair
5695,Fair
5696,Fair
5697,Fair
5698,Fair
5699,Fair
5700,Fair
5701,Fair
5702,Fair
5703,Fair
5704,Fair
5705,Fair
5706,Fair
5707,Fair
5708,Fair
5709,Fair
5710,Fair
5711,Fair
5712,Fair
5713,Fair
5714,Fair
5715,Fair
5716,Fair
5717,Fair
5718,Fair
5719,Fair
5720,Fair
5721,Fair
5722,Fair
5723,Fair
5724,Fair
5725,Fair
5726,Fair
5727,Fair
5728,Fair
5729,Fair
5730,Fair
5731,Fair
5732,Fair
5733,Fair
5734,Fair
5735,Fair
5736,Fair
5737,Fair
5738,Fair
5739,Fair
5740,Fair
5741,Fair
5742,Fair
5743,Fair
5744,Fair
5745,Fair
5746,Fair
5747,Fair
5748,Fair
5749,Fair
5750,Fair
5751,Fair
5752,Fair
5753,Fair
5754,Fair
5755,Fair
5756,Fair
5757,Fair
5758,Fair
5759,Fair
5760,Fair
5761,Fair
5762,Fair
5763,Fair
5764,Fair
5765,Fair
5766,Fair
5767,Fair
5768,Fair
5769,Fair
5770,Fair
5771,Fair
5772,Fair
5773,Fair
5774,Fair
5775,Fair
5776,Fair
5777,Fair
5778,Fair
5779,Fair
5780,Fair
5781,Fair
5782,Fair
5783,Fair
5784,Fair
5785,Fair
5786,Fair
5787,Fair
5788,Fair
5789,Fair
5790,Fair
5791,Fair
5792,Fair
5793,Fair
5794,Fair
5795,Fair
5796,Fair
5797,Fair
5798,Fair
5799,Fair
5800,Fair
5801,Fair
5802,Fair
5803,Fair
5804,Fair
5805,Fair
5806,Fair
5807,Fair
5808,Fair
5809,Fair
5810,Fair
5811,Fair
5812,Fair
5813,Fair
5814,Fair
5815,Fair
5816,Fair
5817,Fair
5818,Fair
5819,Fair
5820,Fair
5821,Fair
5822,Fair
5823,Fair
5824,Fair
5825,Fair
5826,Fair
5827,Fair
5828,Fair
5829,Fair
5830,Fair
5831,Fair
5832,Fair
5833,Fair
5834,Fair
5835,Fair
5836,Fair
5837,Fair
5838,Fair
5839,Fair
5840,Fair
5841,Fair
5842,Fair
5843,Fair
5844,Fair
5845,Fair
5846,Fair
5847,Fair
5848,Fair
5849,Fair
5850,Fair
5851,Fair
5852,Fair
5853,Fair
5854,Fair
5855,Fair
5856,Fair
5857,Fair
5858,Fair
5859,Fair
5860,Fair
5861,Fair
5862,Fair
5863,Fair
5864,Fair
5865,Fair
5866,Fair
5867,Fair
5868,Fair
5869,Fair
5870,Fair
5871,Fair
5872,Fair
5873,Fair
5874,Fair
5875,Fair
5876,Fair
5877,Fair
5878,Fair
5879,Fair
5880,Fair
5881,Fair
5882,Fair
5883,Fair
5884,Fair
5885,Fair
5886,Fair
5887,Fair
5888,Fair
5889,Fair
5890,Fair
5891,Fair
5892,Fair
5893,Fair
5894,Fair
5895,Fair
5896,Fair
5897,Fair
5898,Fair
5899,Fair
5900,Fair
5901,Fair
5902,Fair
5903,Fair
5904,Fair
5905,Fair
5906,Fair
5907,Fair
5908,Fair
5909,Fair
5910,Fair
5911,Fair
5912,Fair
5913,Fair
5914,Fair
5915,Fair
5916,Fair
5917,Fair
5918,Fair
5919,Fair
5920,Fair
5921,Fair
5922,Fair
5923,Fair
5924,Fair
5925,Fair
5926,Fair
5927,Fair
5928,Fair
5929,Fair
5930,Fair
5931,Fair
5932,Fair
5933,Fair
5934,Fair
5935,Fair
5936,Fair
5937,Fair
5938,Fair
5939,Fair
5940,Fair
5941,Fair
5942,Fair
5943,Fair
5944,Fair
5945,Fair
5946,Fair
5947,Fair
5948,Fair
5949,Fair
5950,Fair
5951,Fair
5952,Fair
5953,Fair
5954,Fair
5955,Fair
5956,Fair
5957,Fair
5958,Fair
5959,Fair
5960,Fair
5961,Fair
5962,Fair
5963,Fair
5964,Fair
5965,Fair
5966,Fair
5967,Fair
5968,Fair
5969,Fair
5970,Fair
5971,Fair
5972,Fair
5973,Fair
5974,Fair
5975,Fair
5976,Fair
5977,Fair
5978,Fair
5979,Fair
5980,Fair
5981,Fair
5982,Fair
5983,Fair
5984,Fair
5985,Fair
5986,Fair
5987,Fair
5988,Fair
5989,Fair
5990,Fair
5991,Fair
5992,Fair
5993,Fair
5994,Fair
5995,Fair
5996,Fair
5997,Fair
5998,Fair
5999,Fair
